mutationID	clusterID
AIRN_chr6:160424970	106
AIRN_chr6:160424970	106
AIRN_chr6:160424970	106
AIRN_chr6:160424970	106
AIRN_chr6:160424970	106
AIRN_chr6:160424970	106
AIRN_chr6:160424970	106
EPHA1-AS1_chr7:143116947	22
EPHA1-AS1_chr7:143116947	22
EPHA1-AS1_chr7:143116947	22
EPHA1-AS1_chr7:143116947	22
EPHA1-AS1_chr7:143116947	22
EPHA1-AS1_chr7:143116947	22
EPHA1-AS1_chr7:143116947	22
LINC01492_chr9:105937543	1
LINC01492_chr9:105937543	1
LINC01492_chr9:105937543	1
LINC01492_chr9:105937543	1
LINC01492_chr9:105937543	1
LINC01492_chr9:105937543	1
LINC01492_chr9:105937543	1
TRPV2_chr17:16318188	93
TRPV2_chr17:16318188	93
TRPV2_chr17:16318188	93
TRPV2_chr17:16318188	93
TRPV2_chr17:16318188	93
TRPV2_chr17:16318188	93
TRPV2_chr17:16318188	93
